Parvati,Jon,,Yau-Man,,,,,,,,Eliza,Ozzy,Jason,,Alexis,Erik,Natalie
Amanda,Jon,,Yau-Man,,Joel,,Chet,,Tracy,Ami,Eliza,Jason,Jason,,Alexis,Erik,Natalie
Cirie,Jon,,Yau-Man,,Joel,,Chet,,Tracy,Ami,Eliza,Ozzy,Jason,,Amanda,Erik,Natalie
Natalie,,Mary,,Mikey B,,,,,,,Eliza,Ozzy,James,,Amanda,Erik,Cirie
Erik,,Mary,,Mikey B,Chet,,Chet,,Tracy,Ami,Eliza,Jason,Jason,,Amanda,Parvati,
Alexis,,Mary,,Chet,,,,,,,Eliza,Ozzy,James,,Amanda,,
James,Jon,,Yau-Man,,,,,,,,Eliza,Jason,Parvati,,,,
Jason,,Chet,,Chet,,,,,,,Ozzy,Ozzy,James,,,,
Ozzy,Jon,,Yau-Man,,Joel,,Chet,,Tracy,Ami,Eliza,Jason,,,,,
Eliza,Jon,,Yau-Man,,,,,,,,Ozzy,,,,,,
Ami,Jon,,Cirie,,Joel,,Chet,,Tracy,Erik,,,,,,,
Tracy,,Mary,,Mikey B,Joel,,Erik,,Ozzy,,,,,,,,
Kathy,,Mary,,Mikey B,,,,,,,,,,,,,
Chet,,Mary,,Mikey B,Joel,,Erik,,,,,,,,,,
Jonathan,Jon,,Parvati,,,,,,,,,,,,,,
Joel,,Tracy,,Mikey B,Chet,,,,,,,,,,,,
Mikey B,,Chet,,Chet,,,,,,,,,,,,,
Yau-Man,Jon,,Parvati,,,,,,,,,,,,,,
Mary,,Tracy,,,,,,,,,,,,,,,
Jon,Ozzy,,,,,,,,,,,,,,,,
