Tina,,Kel,Maralyn,Mitchell,Mitchell,,,,Jeff,Jeff,,Alicia,Jerri,Nick,Amber,Rodger,Elisabeth
Colby,,Kel,Maralyn,Mitchell,Mitchell,,,,Jeff,,,Alicia,Jerri,Nick,Rodger,Rodger,Elisabeth
Keith,,Kel,Mitchell,Mitchell,,,,,Jeff,Jeff,,Alicia,Jerri,Nick,Amber,Rodger,Elisabeth
Elisabeth,Debb,,,,,,Kimmi,,Colby,Colby,,Jerri,Jerri,Amber,Amber,Keith,Keith
Rodger,Debb,,,,,,Kimmi,,Colby,Colby,,Jerri,Jerri,Amber,Amber,Keith,
Amber,,Kel,Maralyn,Keith,Keith,,,,Jeff,Jeff,,Alicia,Elisabeth,Nick,Rodger,,
Nick,Debb,,,,,,Kimmi,,Colby,Colby,,Jerri,Jerri,Keith,,,
Jerri,,Kel,Maralyn,Keith,Keith,,,,Jeff,Jeff,,Alicia,Elisabeth,,,,
Alicia,Debb,,,,,,Kimmi,,Colby,Colby,,Jerri,,,,,
Jeff,Debb,,,,,,Kimmi,,Colby,,,,,,,,
Michael,Debb,,,,,,Kimmi,,,,,,,,,,
Kimmi,Debb,,,,,,Jeff,,,,,,,,,,
Mitchell,,Kel,Maralyn,Keith,,,,,,,,,,,,,
Maralyn,,Kel,Jerri,,,,,,,,,,,,,,
Kel,,Jerri,,,,,,,,,,,,,,,
Debb,Jeff,,,,,,,,,,,,,,,,
