Richard,Stacey,,Stacey,,Dirk,,Gretchen,Greg,Jenna,Gervase,Colleen,Sean,Susan,
Kelly,Rudy,,Rudy,,Dirk,,Gretchen,Greg,Sean,Gervase,Sean,Sean,Richard,Susan
Rudy,Sonja,,Stacey,,Dirk,,Gretchen,Greg,Jenna,Gervase,Colleen,Sean,Susan,Susan
Susan,Sonja,,Stacey,,Dirk,,Gretchen,Greg,Jenna,Gervase,Colleen,Sean,Richard,
Sean,Sonja,,Stacey,,Rudy,,Colleen,Greg,Jenna,Gervase,Colleen,Susan,,
Colleen,,B.B.,,Ramona,,Joel,Richard,Jenna,Richard,Sean,Sean,,,
Gervase,,B.B.,,Colleen,,Jenna,Susan,Jenna,Richard,Sean,,,,
Jenna,,B.B.,,Ramona,,Joel,Gervase,Greg,Richard,,,,,
Greg,,Ramona,,Jenna,,Joel,Jenna,Jenna,,,,,,
Gretchen,,B.B.,,Ramona,,Joel,Rudy,,,,,,,
Joel,,B.B.,,Ramona,,Jenna,,,,,,,,
Dirk,Sonja,,Stacey,,Susan,,,,,,,,,
Ramona,,B.B.,,Colleen,,,,,,,,,,
Stacey,Rudy,,Rudy,,,,,,,,,,,
B.B.,,Ramona,,,,,,,,,,,,
Sonja,Rudy,,,,,,,,,,,,,
