Tom,,,,,,,Willard,,,,,,,Coby,,Stephenie,Gregg,Caryn,Ian
Katie,,,,,,,Willard,,,,,,,Coby,,Stephenie,Gregg,Caryn,Jenn
Ian,,,,,,,Willard,,,,,,,Coby,,Stephenie,Gregg,Caryn,Jenn
Jenn,,,,,,,Willard,,,,,,,Coby,,Stephenie,Caryn,Caryn,Ian
Caryn,,,,,,,Willard,,,,,,,Coby,,Stephenie,Gregg,Ian,
Gregg,,,,,,,Willard,,,,,,,Coby,,Stephenie,Caryn,,
Stephenie,,,Jolanda,Ashlee,Jeff,Kim,,Bobby�Jon,Angie,Ibrehem,James,Ibrehem,Win ,Coby,,Caryn,,,
Janu,,,,,,,Willard,,,,,,,Stephenie,,,,,
Coby,,,,,,,Willard,,,,,,,Janu,,,,,
Bobby Jon,,,Angie,Ashlee,Kim,Kim,,Angie,None ,James,James,Ibrehem,Lose ,,,,,,
Ibrehem,,,Angie,Kim,Jeff,Kim,,James,Angie,James,None ,Stephenie,,,,,,,
James,,,Jolanda,Ashlee,Kim,Kim,,Angie,Angie,Ibrehem,None ,,,,,,,,
Angie,,,Jolanda,Ashlee,Jeff,Kim,,Bobby�Jon,None ,,,,,,,,,,
Willard,,,,,,,Katie,,,,,,,,,,,,
Kim,,,Jolanda,Ashlee,Jeff,James,,,,,,,,,,,,,
Jeff,,,Jolanda,Ashlee,James,,,,,,,,,,,,,,
Ashlee,,,Jolanda,Jeff,,,,,,,,,,,,,,,
Jolanda,,,Angie,,,,,,,,,,,,,,,,
Wanda,,,,,,,,,,,,,,,,,,,
Jonathan,,,,,,,,,,,,,,,,,,,
