Jeremy,,,,,Monica,,,Ciera,Kelley,Kelly,Ciera,Joe,Joe,Joe,Abi-Maria,Kelley,Kimmi,,Keith,Kelley
Tasha,,,Peih-Gee,Jeff,,,,Kass,Kelley,Ciera,Stephen,Abi-Maria,Abi-Maria,Joe,Abi-Maria,Kelley,Kimmi,,Keith,Kelley
Spencer,Vytas,Shirin,,,Kelly,,Woo,Ciera,Kelley,Kelly,Stephen,Stephen,Stephen,Joe,Abi-Maria,Kelley,Kimmi,,Keith,Kelley
Kelley,Vytas,Spencer,,,,,,Kass,Andrew,Kelly,Kimmi,Stephen,Stephen,Joe,Tasha,Jeremy,Tasha,,Spencer,Spencer
Keith,,,,,,,,Kass,Kelley,Kelley,Stephen,Stephen,Stephen,Tasha,Tasha,Jeremy,Tasha,,Spencer,
Kimmi,,,,,Monica,,,Kass,Kelley,Ciera,Ciera,Abi-Maria,Abi-Maria,Joe,Abi-Maria,Jeremy,Tasha,,,
Abi-Maria,Vytas,Spencer,Peih-Gee,Jeff,,,Woo,Tasha,Andrew,Kelly,Stephen,Stephen,Stephen,Joe,Keith,,,,,
Joe,,,,,,,,Ciera,Kelley,Kelley,Stephen,None ,None ,Abi-Maria,,,,,,
Stephen,,,,,Monica,,,Kass,Kelley,Kelly,Ciera,Abi-Maria,Joe ,,,,,,,
Ciera,,,,,,,Woo,Andrew,Andrew,Kelly,Kimmi,,,,,,,,,
Kelly,Abi-Maria,Shirin,,,Spencer,,Spencer,Ciera,Kelley,Ciera,,,,,,,,,,
Andrew,,,Peih-Gee,Jeff,,,Spencer,Kass,Kelley,,,,,,,,,,,
Kass,,,,,,,Woo,Tasha,,,,,,,,,,,,
Woo,Abi-Maria,Shirin,Abi-Maria,Jeff,,,Spencer,,,,,,,,,,,,,
Terry,Abi-Maria,Spencer,,,,,,,,,,,,,,,,,,
Monica,,,,,Kelly,,,,,,,,,,,,,,,
Jeff,Vytas,Shirin,Peih-Gee,Woo,,,,,,,,,,,,,,,,
Peih-Gee,Vytas,Shirin,Abi-Maria,,,,,,,,,,,,,,,,,
Shirin,Vytas,Spencer,,,,,,,,,,,,,,,,,,
Vytas,Abi-Maria,,,,,,,,,,,,,,,,,,,
