Sophie,,Stacey,,Stacey,,Edna,,Keith,Keith,Ozzy,Jim,Dawn,Whitney,Cochran,Edna,Brandon,Rick,Ozzy
Coach,,Christine,,Stacey,,Mikayla,,Keith,Keith,Ozzy,Jim,Dawn,Whitney,Cochran,Edna,Brandon,Rick,Ozzy
Albert,,Christine,,Stacey,,Edna,,Keith,Keith,Ozzy,Jim,Dawn,Whitney,Cochran,Edna,Sophie,Rick,Ozzy
Ozzy,Semhar,,Papa Bear,,Cochran,,Cochran,Rick,Rick,Cochran,,,,,,,Sophie,Albert
Rick,,Stacey,,Stacey,,Mikayla,,Keith,None ,Ozzy,Jim,Dawn,Whitney,Cochran,Edna,Brandon,Sophie,
Brandon,,Christine,,Stacey,,Mikayla,,Keith,Keith,Ozzy,Jim,Dawn,Whitney,Cochran,Edna,Sophie,,
Edna,,Stacey,,Stacey,,Mikayla,,Keith,Keith,Ozzy,Jim,Dawn,Whitney,Rick,Brandon,,,
Cochran,Semhar,,Papa Bear,,Elyse,,Ozzy,Rick,Keith,Ozzy,Jim,Dawn,Whitney,Rick,,,,
Whitney,Semhar,,Papa Bear,,Dawn,,Ozzy,Rick,Rick,Ozzy,Edna,Edna,Cochran,,,,,
Dawn,Semhar,,Papa Bear,,Elyse,,Ozzy,Rick,Rick,Ozzy,Edna,Edna,,,,,,
Jim,Semhar,,Cochran,,Elyse,,Ozzy,Rick,Rick,Cochran,Edna,,,,,,,
Keith,Semhar,,Papa Bear,,Dawn,,Ozzy,Rick,None ,,,,,,,,,
Mikayla,,Christine,,Stacey,,Edna,,,,,,,,,,,,
Elyse,Semhar,,Papa Bear,,Cochran,,,,,,,,,,,,,
Stacey,,Sophie,,Edna,,,,,,,,,,,,,,
Papa Bear,Semhar,,Jim,,,,,,,,,,,,,,,
Christine,,Edna,,,,,,,,,,,,,,,,
Semhar,Cochran,,,,,,,,,,,,,,,,,
