Adam,,Figgy,,,,Figgy,,Michelle,Taylor,Chris,Zeke,Zeke,Will,Sunday,Jay,David,David
Ken,Rachel,,Paul,Jessica,,Figgy,,Michelle,Taylor,Chris,Zeke,Zeke,Will,Sunday,Jay,Bret,David
Hannah,,Mari,,,,,Bret,Michelle,Jay,Chris,Zeke,Zeke,Will,Sunday,Jay,Bret,David
David,Rachel,,Paul,Lucy,CeCe,,,Michelle,Taylor,Chris,Zeke,Zeke,Will,Sunday,Jay,Bret,Adam
Bret,Rachel,,CeCe,Jessica,,,Michaela,Michelle,Jay,Jessica,Hannah,Hannah,Will,David,Jay,David,
Jay,,Mari,,,,,Michaela,Adam,Taylor,Jessica,Hannah,Hannah,David,David,Ken,,
Sunday,CeCe,,Paul,Jessica,,,Michaela,Michelle,Taylor,Jessica,Hannah,Hannah,Will,Jay,,,
Will,,Mari,,,,,Michaela,Adam,Jay,Chris,Hannah,Zeke,David,,,,
Zeke,,Figgy,,,CeCe,,,Michelle,Taylor,Chris,Hannah,Hannah,,,,,
Jessica,CeCe,,Paul,CeCe,,Figgy,,Michelle,Jay,Chris,Zeke,,,,,,
Chris,Rachel,,CeCe,Jessica,CeCe,,,Michelle,Taylor,Jessica,,,,,,,
Taylor,,Mari,,,,Ken,,Adam,Adam,,,,,,,,
Michelle,,Mari,,,CeCe,,,Adam,,,,,,,,,
Michaela,,Mari,,,,,Bret,,,,,,,,,,
Figgy,,Mari,,,,Ken,,,,,,,,,,,
CeCe,David,,Paul,Lucy,Michelle,,,,,,,,,,,,
Lucy,CeCe,,Paul,Jessica,,,,,,,,,,,,,
Paul,Rachel,,CeCe,,,,,,,,,,,,,,
Mari,,Figgy,,,,,,,,,,,,,,,
Rachel,Sunday,,,,,,,,,,,,,,,,
