Voter,Vote,Vote,Vote,Vote,Vote,Vote,Vote,Vote,Vote,Vote,Vote,Vote,Vote,Vote,Vote,Vote
Earl,Jessica,Exiled ,Sylvia,,,Rita,,,,Immune ,Edgardo,Alex,Alex,Stacy,Boo,Yau-Man
Cassandra,,,,,Lisi,,,,,Immune ,Edgardo,Mookie,Alex,Yau-Man,Boo,Yau-Man
Dreamz,,,,,Liliana,,Anthony,Rocky,Lisi,Michelle,Mookie,Mookie,Alex,Yau-Man,Boo,Yau-Man
Yau-Man,Jessica,Erica,Sylvia,,,Rita,,,,Immune ,Edgardo,Alex,Alex,Stacy,Boo,Cassandra
Boo,,,,,Liliana,,,,,Immune ,Edgardo,Mookie,Alex,Yau-Man,Dreamz,
Stacy,,,,,Liliana,,,,,Michelle,Edgardo,Alex,Alex,Yau-Man,,
Alex,,,,,Liliana,,Anthony,Rocky,Lisi,Michelle,Cassandra,Mookie,Yau-Man,,,
Mookie,Jessica,Erica,Anthony,,,Rita,Anthony,Lisi,Lisi,Stacy,Cassandra,Boo,,,,
Edgardo,,,,,Liliana,,Anthony,Rocky,Lisi,Immune ,Cassandra,,,,,
Michelle,Jessica,Erica,Sylvia,,,Anthony,,,,Stacy,,,,,,
Lisi,,,,,Liliana,,Exiled ,Rocky,Dreamz,,,,,,,
Rocky,Mookie,Erica,Anthony,,,Rita,Anthony,Lisi,,,,,,,,
Anthony,Jessica,Sylvia,Sylvia,,,Rita,Rocky,,,,,,,,,
Rita,Jessica,Erica,Earl,,,Anthony,,,,,,,,,,
Liliana,,,,,Cassandra,,,,,,,,,,,
Gary,,,,,,,,,,,,,,,,
Sylvia,Exiled ,Erica,Anthony,,,,,,,,,,,,,
Erica,Yau-Man,Sylvia,,,,,,,,,,,,,,
Jessica,Rita,,,,,,,,,,,,,,,
