J.T.,Carolina,,,Sandy,Spencer,Sydney,,Sierra,Tyson,Sierra,Debbie,Erinn,Taj
Stephen,Carolina,,,Sandy,Spencer,Sydney,,Brendan,Tyson,Sierra,Debbie,Coach,Taj
Erinn,,Candace,Jerry,,,,,Sierra,Tyson,Stephen,Debbie,Coach,Taj
Taj,Carolina,,,Joe,Spencer,Sydney,,Brendan,Tyson,Debbie,Debbie,Coach,Erinn
Coach,,Candace,Jerry,,,,,Brendan,Sierra,Sierra,Taj,Erinn,
Debbie,,Candace,Jerry,,,,,Brendan,Sierra,Sierra,Coach,,
Sierra,,Candace,Jerry,,,,,Coach,Tyson,Debbie,,,
Tyson,,Candace,Jerry,,,,,Sierra,Sierra,,,,
Brendan,,Candace,Jerry,,,,,Coach,,,,,
Joe,Carolina,,,Sandy,Spencer,Taj,,,,,,,
Sydney,Carolina,,,Sandy,Spencer,Taj,,,,,,,
Spencer,Carolina,,,Sandy,Taj,,,,,,,,
Sandy,Carolina,,,Sydney,,,,,,,,,
Jerry,,Candace,Erinn,,,,,,,,,,
Candace,,Sierra,,,,,,,,,,,
Carolina,Sandy,,,,,,,,,,,,
