Tyson,,Laura M.,,,,,,,,Laura M.,,,Aras,Vytas,Tina,Laura M.,Caleb,Hayden,Hayden,Ciera,Tina
Monica,,Candice,,,,,,,,Laura M.,Kat,Laura B.,Aras,Vytas,Tina,Laura M.,Caleb,Hayden,Hayden,Ciera,Tina
Gervase,,Candice,,,,,,,,Laura M.,,,Aras,Vytas,Tina,Laura M.,Caleb,Hayden,Hayden,Ciera,Tina
Tina,,Candice,,,,,,,,Laura M.,Kat,Laura B.,Ciera,Vytas,Tyson,,,,,Gervase,Gervase
Ciera,Laura B.,,,Marissa,John,,John,Brad,None ,,,,Aras,Katie,Tina,Laura M.,Caleb,Monica,Gervase,Gervase,
Hayden,Laura B.,,,Marissa,Rachel,,John,Ciera,Ciera,,,,Aras,Vytas,Tina,Laura M.,Ciera,Monica,Gervase,,
Katie,Marissa ,,,Marissa,John,,John,Brad,Brad,,Kat,Laura B.,Ciera,Vytas,Monica,Laura M.,Ciera,Monica,,,
Caleb,Laura B.,,,Marissa,Rachel,,John,Brad,Brad,,,,Aras,Vytas,Tina,Laura M.,Ciera,,,,
Laura M.,,Candice,,,,,,,,Laura B.,,,Aras,Vytas,Tina,Katie,,,,,
Vytas,Laura B.,,,Marissa,Rachel,,John,Ciera,Brad,,Kat,Laura B.,Laura M.,Tyson,,,,,,,
Aras,,Gervase,,,,,,,,Laura M.,,,Laura M.,,,,,,,,
Laura B.,Marissa,,,,,,,,,Laura M.,Kat,Vytas,,,,,,,,,
Kat,,Candice,,,,,,,,Laura M.,Vytas,,,,,,,,,,
Brad,Laura B.,,,Marissa,Rachel,,John,Ciera,None ,,,,,,,,,,,,
John,Laura B.,,,Marissa,Rachel,,Ciera,,,,,,,,,,,,,,
Colton,,Candice,,,,,,,,,,,,,,,,,,,
Rachel,Katie ,,,Marissa,Ciera,,,,,,,,,,,,,,,,
Marissa,Brad ,,,Katie,,,,,,,,,,,,,,,,,
Rupert,,Laura M.,,,,,,,,,,,,,,,,,,,
Candice,,Laura M.,,,,,,,,,,,,,,,,,,,
