Tony,,,,,,Cliff,,,Sarah,Morgan,LJ,Jeremiah,Jefra,Tasha,Trish,Spencer
Woo,,,,,,LJ,,,Sarah,Morgan,LJ,Jeremiah,Jefra,Tasha,Trish,Spencer
Kass,J'Tia,Garrett,,,J'Tia,,,Alexis,Sarah,Morgan,Jeremiah,Jeremiah,Spencer,Tasha,Trish,Spencer
Spencer,David,J'Tia,,,J'Tia,,,Alexis,Jefra,Tony,LJ,Woo,Jefra,Tony,Trish,Woo
Trish,,,,,,Cliff,,,Sarah,Morgan,Jeremiah,Jeremiah,Spencer,Tasha,Kass,
Tasha,David,Garrett,,,J'Tia,,,Alexis,Jefra,Tony,LJ,Woo,Jefra,Trish,,
Jefra,,,Brice,Brice,,Cliff,,,Sarah,Morgan,Jeremiah,Jeremiah,Spencer,,,
Jeremiah,,,Morgan,Brice,,,,Alexis,Jefra,Tony,LJ,Woo,,,,
LJ,,,Morgan,Brice,,Cliff,,,Sarah,Morgan,Spencer,,,,,
Morgan,,,Alexis,None ,,,,Alexis,Jefra,Tony,,,,,,
Sarah,,,,,,,,Alexis,Jefra,,,,,,,
Alexis,,,Brice,None ,,,,Jeremiah,,,,,,,,
Lindsey,,,,,,LJ,,,,,,,,,,
Cliff,,,,,,LJ,,,,,,,,,,
J'Tia,David,Garrett,,,Spencer,,,,,,,,,,,
Brice,,,Alexis,None ,,,,,,,,,,,,
Garrett,David,J'Tia,,,,,,,,,,,,,,
David,J'Tia,,,,,,,,,,,,,,,
