Bob,,,Paloma,,,,,Dan,Ken,Crystal,Susie,Matty,Crystal,Ken,Matty
Susie,Michelle,Gillian,,,,,,Dan,Marcus,Charlie,Randy,Corinne,Crystal,Ken,Bob
Sugar,,,Paloma,Exiled ,GC,Kelly,Ace,,,Charlie,Randy,Corinne,Crystal,Ken,Matty
Matty,Michelle,Gillian,,Jacquie,GC,Kelly,Crystal,,,Charlie,Randy,Corinne,Crystal,Ken,Bob
Ken,Michelle,Gillian,,Jacquie,GC,Kelly,Ace,,Marcus,Charlie,Randy,Matty,Matty,Susie,
Crystal,Michelle,Gillian,,Jacquie,GC,Kelly,Ace,,Marcus,Charlie,Randy,Corinne,Matty,,
Corinne,,,Paloma,,,,,Dan,,Crystal,Susie,Matty,,,
Randy,Michelle,Gillian,,,,,,Susie,,Crystal,Susie,,,,
Charlie,,,Paloma,,,,,Dan,,Crystal,,,,,
Marcus,,,Paloma,,,,,Susie,Ken,,,,,,
Dan,Michelle,Gillian,,,,,,Susie,,,,,,,
Ace,,,Paloma,Kelly,GC,Kelly,Crystal,,,,,,,,
Kelly,,,Ace,Jacquie,GC,Crystal,,,,,,,,,
GC,Michelle,Gillian,,Jacquie,Kelly,,,,,,,,,,
Jacquie,,,Paloma,Kelly,,,,,,,,,,,
Paloma,,,Ace,,,,,,,,,,,,
Gillian,Michelle,Ken,,,,,,,,,,,,,
Michelle,Gillian,,,,,,,,,,,,,,
