Sarah,,,,,,Sandra,Jeff,Michaela,Ozzy,Debbie,Zeke,Sierra,Andrea,Michaela,Michaela ,Tai,Aubry,Tai
Brad,,,Caleb,Malcolm,,,,Hali,Ozzy,Andrea,Tai,Andrea,Andrea,Michaela,Michaela,Aubry,Aubry,Tai
Troyzan,Ciera,Tony,,,,,,Hali,Ozzy,Andrea,Tai,Andrea,Andrea,Michaela,Michaela,Tai,Aubry,Tai
Tai,,,Caleb,Malcolm,,Sandra,Jeff,Hali,Ozzy,Andrea,Sierra,Sierra,Andrea,None ,None ,Sarah,Aubry,Troyzan
Aubry,Ciera,Tony,,Sierra,Michaela,,,Hali,Zeke,Debbie,Zeke,Sierra,Brad,Tai,Tai,Sarah,Troyzan,
Cirie,,,,,,,,Michaela,Sierra,Debbie,Zeke,Sierra,Andrea,Aubry,Aubry,Sarah,,
Michaela,Ciera,Tony,,Sierra,J.T.,,,Zeke,Zeke,Debbie,Zeke,Sierra,Andrea,Tai,Tai,,,
Andrea,,,,,,Sandra,Jeff,Michaela,Zeke,Debbie,Zeke,Sierra,Brad,,,,,
Sierra,,,Caleb,Malcolm,,,,Hali,Ozzy,Andrea,Tai,Andrea,,,,,,
Zeke,,,,,,Sandra,Jeff,Michaela,Aubry,Debbie,Sierra,,,,,,,
Debbie,,,Caleb,Malcolm,,Exiled ,Jeff,Hali,Ozzy,Andrea,,,,,,,,
Ozzy,,,,,,Sandra,Jeff,Hali,Zeke,,,,,,,,,
Hali,Ciera,Tony,Caleb,Malcolm,,,,Zeke,,,,,,,,,,
Jeff,Ciera,Tony,,Sierra,J.T.,Tai,None ,,,,,,,,,,,
Sandra,Ciera,Aubry,,Sierra,J.T.,Tai,,,,,,,,,,,,
J.T.,,,,Sierra,Michaela,,,,,,,,,,,,,
Malcolm,Ciera,Tony,,Sierra,,,,,,,,,,,,,,
Caleb,Ciera,Tony,Hali,,,,,,,,,,,,,,,
Tony,Ciera,Aubry,,,,,,,,,,,,,,,,
Ciera,Michaela,,,,,,,,,,,,,,,,,
