Aras,,Melinda,,,Bruce,,Nick,Austin,Sally,,Courtney,Shane,Danielle
Danielle,,Melinda,,,Bobby,,Nick,Austin,Sally,,Courtney,Shane,Cirie
Terry,,,Misty,Ruth Marie,,Dan,Shane,Aras,Aras,,Aras,Aras,Cirie
Cirie,Tina,Shane,,,Bobby,,Nick,Austin,Sally,,Courtney,Shane,Danielle
Shane,,Melinda,,,Aras,,Nick,Austin,Sally,,Danielle,Danielle,
Courtney,,Melinda,,,Bobby,,Nick,Austin,Sally,,Aras,,
Bruce,,Exiled ,,,Courtney,,Nick,Austin,Sally,,,,
Sally,,,Ruth Marie,Ruth Marie,,Exiled ,Shane,Aras,Aras,,,,
Austin,,,Misty,Ruth Marie,,Dan,Shane,Aras,,,,,
Nick,,,Misty,Ruth Marie,,Dan,Shane,,,,,,
Dan,,,Misty,Sally,,Austin,,,,,,,
Bobby,,Melinda,,,Bruce,,,,,,,,
Ruth Marie,Tina,,Misty,Sally,,,,,,,,,
Misty,,,Ruth Marie,,,,,,,,,,
Melinda,Tina,Shane,,,,,,,,,,,
Tina,Cirie,,,,,,,,,,,,
