Ethan,Diane,Jessie,,,,,Silas,,,,Clarence,Kelly,Brandon,Frank,Kim P.,Teresa,Tom
Kim J.,Diane,Jessie,,,,,Silas,,,,Clarence,Kelly,Brandon,Frank,Kim P.,Teresa,Tom
Lex,Diane,Jessie,,,,,,Lindsey,Lindsey,,Clarence,Kelly,Frank,Frank,Kim P.,Teresa,Tom
Tom,Clarence,Clarence,,,,,,Lindsey,,,Clarence,Kelly,Brandon,Frank,Kim P.,Teresa,Lex
Teresa,,,Lindsey,Lindsey,,Silas,Silas,,,,Lex,Lex,Brandon,Frank,Lex,Tom,
Kim P.,,,Carl,Carl,,Linda,,Tom,Tom,,Clarence,Lex,Brandon,Frank,Lex,,
Frank,,,Lindsey,Lindsey,,Silas,Silas,,,,Clarence,Lex,Brandon,Kim J.,,,
Brandon,,,Carl,Carl,,Linda,,Tom,Tom,,Clarence,Kelly,Frank,,,,
Kelly,Diane,Jessie,,,,,,Lindsey,Lindsey,,Clarence,Lex,,,,,
Clarence,Diane,Jessie,,,,,Silas,,,,Lex,,,,,,
Lindsey,,,Carl,,,Linda,,Tom,,,,,,,,,
Silas,,,Carl,Carl,,Linda,Frank,,,,,,,,,,
Linda,,,Lindsey,Lindsey,,Silas,,,,,,,,,,,
Carl,,,Lindsey,,,,,,,,,,,,,,
Jessie,Diane,Clarence,,,,,,,,,,,,,,,
Diane,Clarence,,,,,,,,,,,,,,,,
