Michele,,,,,,,,,,,Nick,Debbie,Tai,Julia,Jason,Jason,,Aubry
Aubry,,,,Peter,None ,,,Anna,Peter,,Nick,Debbie,Scot,Julia,Jason,Jason,,Cydney
Tai,,,,,,,,Anna,Peter,,Jason,Cydney,Scot,Julia,Michele,Michele ,,Cydney
Cydney,Alecia,Darnell,Jennifer,,,,Alecia,,,,Nick,Debbie,Scot,Julia,Jason,Jason,,Aubry
Joe,,,,Liz,Liz,,,Anna,Julia,,Nick,Scot,Scot,Julia,Jason,Jason,,
Jason,Alecia,Darnell,Jennifer,,,,Alecia,,,,Aubry,Cydney,Aubry,Tai,Joe,Joe,,
Julia,,,,,,,,Exiled ,Peter,,Nick,Debbie,Tai,Tai,,,,
Scot,Darnell,Darnell,Alecia,,,,Alecia,Anna,Peter,,Aubry,Cydney,Aubry,,,,,
Debbie,,,,Liz,Liz,,,,,,Nick,Scot,,,,,,
Nick,,,,,,,,,,,Debbie,,,,,,,
Neal,,,,Peter,Liz,,,,,,,,,,,,,
Peter,,,,Aubry,None ,,,Anna,Julia,,,,,,,,,
Anna,,,,,,,,Peter,,,,,,,,,,
Alecia,Darnell,None ,Jennifer,,,,Scot,,,,,,,,,,,
Caleb,,,,,,,,,,,,,,,,,,
Liz,,,,Aubry,None ,,,,,,,,,,,,,
Jennifer,Darnell,Darnell,Alecia,,,,,,,,,,,,,,,
Darnell,Alecia,None ,,,,,,,,,,,,,,,,
